{"Accuracy":{"0":0.9795769511,"1":0.9810357403,"2":0.9868708972,"3":0.9788475565,"4":0.985412108,"5":0.9824945295,"6":0.9664478483,"7":0.9839533187,"8":0.9912472648,"9":0.9824945295,"10":0.9817651349,"11":0.9824945295,"12":0.9839533187,"13":0.9788475565,"14":0.9795769511,"15":0.9781181619,"16":0.9824945295,"17":0.9795769511,"18":0.985412108,"19":0.9795769511,"20":0.9846827133,"21":0.9832239241,"22":0.985412108,"23":0.9781181619,"24":0.9839533187,"25":0.9824945295,"26":0.9824945295,"27":0.985412108,"28":0.9861415026,"29":0.9868708972,"30":0.9810357403,"31":0.9868708972,"32":0.9839533187,"33":0.9810357403,"34":0.985412108,"35":0.9868708972,"36":0.9832239241,"37":0.9795769511,"38":0.9897884756,"39":0.9795769511,"40":0.9795769511,"41":0.9803063457,"42":0.9824945295,"43":0.9824945295,"44":0.985412108,"45":0.9824945295,"46":0.9846827133,"47":0.985412108,"48":0.9810357403,"49":0.9861415026},"Recall":{"0":0.9800508131,"1":0.9842194373,"2":0.9863619588,"3":0.9764586091,"4":0.9837049327,"5":0.9763123556,"6":0.9728371013,"7":0.9846789051,"8":0.9974727983,"9":0.9778624448,"10":0.9794322523,"11":0.9877031987,"12":0.9811025072,"13":0.9831734408,"14":0.9776581661,"15":0.982211476,"16":0.9832929942,"17":0.9776052209,"18":0.9914355603,"19":0.9811215021,"20":0.9860771461,"21":0.9887142507,"22":0.9868460433,"23":0.977188319,"24":0.9871603955,"25":0.9833129103,"26":0.9825207781,"27":0.9821886664,"28":0.9948486442,"29":0.9889167927,"30":0.9794805727,"31":0.9864349338,"32":0.9876759513,"33":0.9782163447,"34":0.9840494557,"35":0.9858133549,"36":0.9834886437,"37":0.9781137922,"38":0.9915216403,"39":0.9803222526,"40":0.9784871557,"41":0.9792528559,"42":0.9860156531,"43":0.9756517248,"44":0.9926961227,"45":0.9828394868,"46":0.9851897251,"47":0.9860201939,"48":0.9832429805,"49":0.9919272661}}