{"0":[1,4096,5.0528275971],"1":[2,4096,3.8235861484],"2":[9,4096,0.0613641434],"3":[3,4096,0.3415393405],"4":[5,20480,2.803179207],"5":[4,4096,0.1243517054],"6":null,"7":null,"8":null,"9":null,"10":null,"11":null,"12":null,"13":null,"14":null,"15":null,"16":null}
{"0":[1,6144,5.8196085472],"1":[9,512,0.6151277139],"2":[2,1536,4.0232347112],"3":[3,1024,2.3542537029],"4":[12,512,3.1967695592],"5":[14,0,0],"6":[6,1536,3.3800124621],"7":[14,512,0.2865598243],"8":[8,512,0.0],"9":[4,512,1.4553850708],"10":[13,512,0.2365387845],"11":[13,4096,5.2491329673],"12":[13,512,2.1286270132],"13":[13,512,1.4852916299],"14":[13,512,0.7069937745],"15":[13,512,2.4955798323],"16":[13,512,4.8575078022]}
